<?xml version="1.0" encoding="UTF-8"?>
<!DOCTYPE MudletPackage>
<MudletPackage version="1.001">
    <TriggerPackage>
        <TriggerGroup isActive="yes" isFolder="yes" isTempTrigger="no" isMultiline="no" isPerlSlashGOption="no" isColorizerTrigger="no" isFilterTrigger="no" isSoundTrigger="no" isColorTrigger="no" isColorTriggerFg="no" isColorTriggerBg="no">
            <name>m&amp;m Carrion Tracker</name>
            <script></script>
            <triggerType>0</triggerType>
            <conditonLineDelta>0</conditonLineDelta>
            <mStayOpen>0</mStayOpen>
            <mCommand></mCommand>
            <packageName></packageName>
            <mFgColor>#ff0000</mFgColor>
            <mBgColor>#ffff00</mBgColor>
            <mSoundFile></mSoundFile>
            <colorTriggerFgColor>#000000</colorTriggerFgColor>
            <colorTriggerBgColor>#000000</colorTriggerBgColor>
            <regexCodeList/>
            <regexCodePropertyList/>
            <Trigger isActive="yes" isFolder="no" isTempTrigger="no" isMultiline="yes" isPerlSlashGOption="no" isColorizerTrigger="no" isFilterTrigger="no" isSoundTrigger="no" isColorTrigger="no" isColorTriggerFg="no" isColorTriggerBg="no">
                <name>Carrion count</name>
                <script>mm.stats.carrion = tonumber(multimatches[2][2])

selectCurrentLine()
setFgColor(255,224,115)
setBgColor(19,8,115)
resetFormat()
deselect()

selectString(&quot; &quot;..mm.stats.carrion ..&quot; &quot;, 1)
setFgColor(0,255,0)
setBgColor(19,8,70)
resetFormat()
deselect()

local percent = math.floor((100/75) * tonumber(mm.stats.carrion ))

echo(string.rep(&quot; &quot;, 56 - #line))

local width = math.floor((percent * 30) / 100)
fg(&quot;a_green&quot;) echo(string.rep([[|]], width))
fg(&quot;a_darkgreen&quot;) echo(string.rep(&quot;-&quot;, 30 - width))

fg(&quot;a_darkgrey&quot;) echo(&quot; &quot; .. percent .. &quot;% carrion&quot;) resetFormat()</script>
                <triggerType>0</triggerType>
                <conditonLineDelta>0</conditonLineDelta>
                <mStayOpen>0</mStayOpen>
                <mCommand></mCommand>
                <packageName></packageName>
                <mFgColor>#ff0000</mFgColor>
                <mBgColor>#ffff00</mBgColor>
                <mSoundFile></mSoundFile>
                <colorTriggerFgColor>#000000</colorTriggerFgColor>
                <colorTriggerBgColor>#000000</colorTriggerBgColor>
                <regexCodeList>
                    <string>You feel that your stomach holds</string>
                    <string>^You feel that your stomach holds (\d+) chunks of flesh\.$</string>
                </regexCodeList>
                <regexCodePropertyList>
                    <integer>2</integer>
                    <integer>1</integer>
                </regexCodePropertyList>
            </Trigger>
            <Trigger isActive="yes" isFolder="no" isTempTrigger="no" isMultiline="no" isPerlSlashGOption="no" isColorizerTrigger="no" isFilterTrigger="no" isSoundTrigger="no" isColorTrigger="no" isColorTriggerFg="no" isColorTriggerBg="no">
                <name>Flies</name>
                <script>mm.stats.carrion = (mm.stats.carrion or 0) - 10
if (mm.stats.carrion) &lt; 0 then mm.stats.carrion = 0 end</script>
                <triggerType>0</triggerType>
                <conditonLineDelta>0</conditonLineDelta>
                <mStayOpen>0</mStayOpen>
                <mCommand></mCommand>
                <packageName></packageName>
                <mFgColor>#ff0000</mFgColor>
                <mBgColor>#ffff00</mBgColor>
                <mSoundFile></mSoundFile>
                <colorTriggerFgColor>#000000</colorTriggerFgColor>
                <colorTriggerBgColor>#000000</colorTriggerBgColor>
                <regexCodeList>
                    <string>Cawing loudly to Crow, you build up a well of festering, stinking vomit in your throat before spewing it in a long stream onto the ground, forming a rancid puddle. The air suddenly vibrates with the sound of countless insect wings as a great cloud of flies swarms in, buzzing about the air in a seething mass as they feed hungrily on the sickly sweet vomit.</string>
                </regexCodeList>
                <regexCodePropertyList>
                    <integer>3</integer>
                </regexCodePropertyList>
            </Trigger>
            <Trigger isActive="yes" isFolder="no" isTempTrigger="no" isMultiline="no" isPerlSlashGOption="no" isColorizerTrigger="no" isFilterTrigger="no" isSoundTrigger="no" isColorTrigger="no" isColorTriggerFg="no" isColorTriggerBg="no">
                <name>Belch</name>
                <script>mm.stats.carrion = (mm.stats.carrion or 0) - 2
if (mm.stats.carrion) &lt; 0 then mm.stats.carrion = 0 end</script>
                <triggerType>0</triggerType>
                <conditonLineDelta>0</conditonLineDelta>
                <mStayOpen>0</mStayOpen>
                <mCommand></mCommand>
                <packageName></packageName>
                <mFgColor>#ff0000</mFgColor>
                <mBgColor>#ffff00</mBgColor>
                <mSoundFile></mSoundFile>
                <colorTriggerFgColor>#000000</colorTriggerFgColor>
                <colorTriggerBgColor>#000000</colorTriggerBgColor>
                <regexCodeList>
                    <string>You swallow some air and allow it to brew in your stomach before belching it back up powerfully, bringing with it the strong and repugnant stench of carrion.</string>
                    <string>Swallowing some more air, you allow it to bask in the carrion in your stomach before belching it back up, reaffirming the wafting aroma of rotting flesh that permeates the air.</string>
                </regexCodeList>
                <regexCodePropertyList>
                    <integer>3</integer>
                    <integer>3</integer>
                </regexCodePropertyList>
            </Trigger>
            <Trigger isActive="yes" isFolder="no" isTempTrigger="no" isMultiline="no" isPerlSlashGOption="no" isColorizerTrigger="no" isFilterTrigger="no" isSoundTrigger="no" isColorTrigger="no" isColorTriggerFg="no" isColorTriggerBg="no">
                <name>Heal</name>
                <script>mm.stats.carrion = (mm.stats.carrion or 0) - 2
if (mm.stats.carrion) &lt; 0 then mm.stats.carrion = 0 end</script>
                <triggerType>0</triggerType>
                <conditonLineDelta>0</conditonLineDelta>
                <mStayOpen>0</mStayOpen>
                <mCommand></mCommand>
                <packageName></packageName>
                <mFgColor>#ff0000</mFgColor>
                <mBgColor>#ffff00</mBgColor>
                <mSoundFile></mSoundFile>
                <colorTriggerFgColor>#000000</colorTriggerFgColor>
                <colorTriggerBgColor>#000000</colorTriggerBgColor>
                <regexCodeList>
                    <string>You regurgitate a chunk of flesh from your stomach and then devour the juicy morsel.</string>
                </regexCodeList>
                <regexCodePropertyList>
                    <integer>3</integer>
                </regexCodePropertyList>
            </Trigger>
            <Trigger isActive="yes" isFolder="no" isTempTrigger="no" isMultiline="no" isPerlSlashGOption="no" isColorizerTrigger="no" isFilterTrigger="no" isSoundTrigger="no" isColorTrigger="no" isColorTriggerFg="no" isColorTriggerBg="no">
                <name>Spy</name>
                <script>mm.stats.carrion = (mm.stats.carrion or 0) - 2
if (mm.stats.carrion) &lt; 0 then mm.stats.carrion = 0 end</script>
                <triggerType>0</triggerType>
                <conditonLineDelta>0</conditonLineDelta>
                <mStayOpen>0</mStayOpen>
                <mCommand></mCommand>
                <packageName></packageName>
                <mFgColor>#ff0000</mFgColor>
                <mBgColor>#ffff00</mBgColor>
                <mSoundFile></mSoundFile>
                <colorTriggerFgColor>#000000</colorTriggerFgColor>
                <colorTriggerBgColor>#000000</colorTriggerBgColor>
                <regexCodeList>
                    <string>You chew on some carrion as you continue to listen to your nest.</string>
                </regexCodeList>
                <regexCodePropertyList>
                    <integer>3</integer>
                </regexCodePropertyList>
            </Trigger>
        </TriggerGroup>
    </TriggerPackage>
    <TimerPackage/>
    <AliasPackage/>
    <ActionPackage/>
    <ScriptPackage/>
    <KeyPackage/>
    <HelpPackage>
        <helpURL></helpURL>
    </HelpPackage>
</MudletPackage>
